Ranking,Ad/판매처,Title,Price,Date,Review,Spec
1,광고,"
탁상용 살균 세정 손소독제 항균 보습 손세정제
",4 900,등록일 2020.02.,23, 
2,광고,"
1+1 에탄올70% 대용량손세정제 500ml
",12 900,등록일 2020.02.,143, 
3,광고,"
휴대용 손소독제 페스트세븐클리닉크린겔500ml
",9 900,등록일 2018.05.,"6,945", 
4,광고,"
휴대용손소독제 성인 유아  질병예방 소독겔
",2 500,등록일 2020.02.,, 
5,판매처 7,"
우신화장품 헤미러스 핸드 클리닉 소독겔 500ml
",6 300,등록일 2020.02.,41,형태   펌프형
6, ,"
에이스제약 손소독제 500ml 60ml
",6 000,등록일 2020.02.,711,형태   캡형
7, ,"
3M 손소독제 디스펜서 새니타이저 베이직 겔/9270 겔 디스펜서 1L/1.2L
",16 900,등록일 2020.03.,47,형태   펌프형
8, ,"
클린올손소독제500ml 손소독겔 손세정제 식품의약품안전청인증 의약외품
",4 500,등록일 2019.08.,"1,007",형태   펌프형
9, ,"
KFDA식약처 허가 손소독제 500ml 의약외품 트리즈 손소독제
",3 970,등록일 2020.03.,161,형태   펌프형
10, ,"
손소독제 손소독젤 클린투클린 500ml 소독용에탄올 70% 손세정제100ml
",1 850,등록일 2020.03.,221,형태   펌프형
11,판매처 11,"
바이오에스텍 랩신 프레쉬한 손소독제 480ml
",6 580,등록일 2020.03.,27,형태   펌프형
12, ,"
[1+1]알덴테 에탄올70% 휴대용 손세정제100ml
",7 900,등록일 2020.02.,"3,728",형태   튜브형
13, ,"
해외

 
해외 표시가 있는 상품은 해외직구 또는 구매 대행 상품으로  상품 정보 및 구매 절차 등 거래에 대한 제반 사항은 반드시 해당 상품 페이지에서 확인하시기 바랍니다.
안내 레이어 닫기

bbw 배스앤바디웍스 미니 포켓백 손세정제 핸드젤 홀더 (핸드 새니타이저)
",2 390,등록일 2020.02.,46,형태   캡형
14, ,"
[병원공급] 나노클리너 살균세척티슈 안전한 소독제 미 환경청FDA승인 1통 100매
",17 000,등록일 2019.11.,389,형태   캡형
15,판매처 5,"
코나드 브이제로 손세정제 300ml
",5 800,등록일 2020.02.,76,형태   캡형
16, ,"
이비자스파 클린크로스 손청결제 500ml/에탄올 70%/손소독제
",6 790,등록일 2020.02.,44,형태   펌프형
17, ,"
디즈니 휴대용 손소독제 어린이 유아 아동 손소독제 코로나예방 핸드세니타이저
",4 580,등록일 2020.02.,60, 
18, ,"
아토렌 프리미엄 손소독제 500ml 에탄올70% 젤타입 펌프형 병원용
",8 550,등록일 2020.02.,429,형태   펌프형
19,판매처 18,"
한국생명과학 셀라피 닥터 세니타이저 70ml
",2 400,등록일 2020.03.,21,형태   튜브형
20,판매처 10,"
다솔 리슈아 손소독제 500mL
",4 990,등록일 2020.02.,174,형태   펌프형
21, ,"
휴대용 손소독제 500ml 손소독 물티슈
",3 500,등록일 2020.02.,698,형태   스프레이형
22, ,"
20mlx50매 휴대용 손소독제  메이메딕 손세정제 손소독겔
", , ,27, 
23, ,"
네이처리퍼블릭 핸드 앤 네이처 세니타이저 겔 30ml
",1 700,등록일 2020.03.,47,형태   튜브형
24, ,"
홈맥스 스프레이형 손소독제 60ml
", , ,69, 
25, ,"
병원용 손소독제 500ml 대용량1개+휴대용30개 식약처 의약외품
",8 900,등록일 2020.02.,955,형태   펌프형
26, ,"
진로발효 바이오 크린콜 20L
",52 000,등록일 2020.03.,665, 
27, ,"
클로리빙 1000ml 코로나19 폐렴 바이러스균 15초이내 99.9%이상의 안전한 살균소독 무알콜 /뿌리는 소독약 리필용
",18 400,등록일 2018.02.,"1,162", 
28, ,"
아이깨끗해 휴대용 손소독제 50ml x 3개+1개 더/휴대용 손소독제
",12 900,등록일 2020.04.,47,형태   펌프형
29, ,"
힐링크린 휴대용 손소독제100ml 99%살균 스프레이 5개
",13 670,등록일 2020.01.,527, 
30, ,"
[4개 묶음 이벤트] 뿌리는 휴대용 손소독제 스프레이 에탄올 소독제 100ml 200ml
",2 350,등록일 2020.03.,115,형태   스프레이형
31, ,"
아틸라 더마컨트롤 핸드클리어겔 / 손소독제 / 새니타이저
",3 800,등록일 2020.04.,34,형태   튜브형
32,판매처 9,"
이큐맥슨제약 닥터스 크린 겔 60ml
",1 990,등록일 2020.02.,90,형태   튜브형
33,판매처 14,"
더메이런 카멜리아 새니타이저 겔 3ml
",15 000,등록일 2020.03.,13, 
34,판매처 5,"
끌림글램 퍼펙트 휴대용 손소독제 35ml
",2 590,등록일 2020.04.,138, 
35, ,"
휴대용 손소독제 가방걸이 53ml 디즈니 바비 토이스토리 조조시와 퍼피구조대 유아 아동 어린이
",4 600,등록일 2020.01.,133,형태   튜브형
36, ,"
3M 휴대용 손소독제 60ml
",2 500,등록일 2020.03.,49, 
37, ,"
틴츄 아토렌 손소독제 500ml 1+1 / 에탄올 70% 의약외품
",10 900,등록일 2020.04.,336, 
38, ,"
오릭스 손소독제 575ml 손소독겔 젤 병원 디스펜서 거치대 에탄올70% 대용량 의약외품
",5 500,등록일 2020.02.,391,형태   펌프형
39, ,"
해외

 
해외 표시가 있는 상품은 해외직구 또는 구매 대행 상품으로  상품 정보 및 구매 절차 등 거래에 대한 제반 사항은 반드시 해당 상품 페이지에서 확인하시기 바랍니다.
안내 레이어 닫기

퓨렐 휴대용 대용량 손소독제 세트
",15 800,등록일 2020.01.,204, 
40, ,"
1+1 미니소 직구 디즈니 미키마우스 미니마우스 캐릭터 손소독제 가방걸이 케이스 고리
",15 900,등록일 2020.03.,17,형태   펌프형
41, ,"
엠킬 핸즈클린겔 손소독제 500ml 의약외품 젤타입 99.9% 유해세균 제거 식물성 알콜 천연 에센셜 오일
",6 480,등록일 2020.03.,350, 
42, ,"
케이팜손 소독제 500ml X 2개 에탄올 핸드 크린겔
", , ,95, 
43,판매처 2,"
제이앤제약 지엔에스티 클린 파인 겔 손소독제 100ml
",4 900,등록일 2020.03.,720,형태   펌프형
44, ,"
더마클라센 세니타이저겔(손소독제) 500ml
", , ,2, 
